enfermedad,confianza,recomendación
caries, 1%,"Debes cepillarte correctamente los dientes para evitar el avance de la caries encontrada."
caries, 5%,"Usa hilo dental y enjuague bucal diariamente para reducir la acumulación de placa."
caries, 10%,"Evita el consumo excesivo de azúcares y acude a una revisión odontológica anual."
caries, 20%,"Es recomendable una limpieza profesional para eliminar la placa y prevenir daños mayores."
caries, 30%,"Un empaste dental podría ser necesario si la caries ha comenzado a afectar el esmalte."
caries, 40%,"Visita a tu odontólogo para evaluar si se requiere una obturación en la pieza afectada."
caries, 50%,"Se recomienda una restauración dental para evitar que la caries progrese a capas más profundas."
caries, 80%,"Es urgente tratar la caries con una endodoncia para salvar la pieza dental afectada."
gingivitis, 1%,"Mejora tu higiene oral cepillándote correctamente y usando hilo dental."
gingivitis, 5%,"Enjuágate con agua salina para reducir la inflamación y eliminar bacterias."
gingivitis, 10%,"Evita el tabaco y productos irritantes para reducir la inflamación de las encías."
gingivitis, 20%,"Usa un enjuague bucal con clorhexidina para controlar la inflamación."
gingivitis, 30%,"Agenda una limpieza profesional para eliminar el sarro acumulado."
gingivitis, 40%,"Es importante un raspado y alisado radicular si la inflamación es persistente."
gingivitis, 100%,"Urge intervención odontológica para evitar la pérdida de dientes por periodontitis."
cancer, 1%,"Mantén un estilo de vida saludable y evita el consumo de tabaco y alcohol."
cancer, 5%,"Usa protector solar en los labios y revisa regularmente tu boca en busca de anomalías."
cancer, 10%,"Consulta a un odontólogo si notas úlceras o manchas blancas que no sanan."
cancer, 20%,"Un profesional debe evaluar cualquier lesión persistente en la boca."
cancer, 30%,"Se recomienda una biopsia si la lesión persiste por más de dos semanas."
cancer, 40%,"Se requiere análisis detallado para determinar si hay células cancerígenas."
cancer, 50%,"Podrías necesitar un estudio de imagen para evaluar la extensión de la lesión."
cancer, 60%,"Se recomienda consulta con un oncólogo para determinar el tratamiento adecuado."
cancer, 70%,"Es posible que requieras cirugía para eliminar la lesión sospechosa."
cancer, 80%,"El tratamiento podría incluir radioterapia o quimioterapia según el diagnóstico."
cancer, 90%,"Consulta urgente con un oncólogo para tratar el cáncer bucal de manera efectiva."
cancer, 100%,"Se requiere atención médica inmediata para evitar la propagación del cáncer."
perdidos, 1%,"Mantén una buena higiene oral para evitar la pérdida de más dientes."
perdidos, 5%,"Considera el uso de prótesis removibles si la pérdida es mínima."
perdidos, 10%,"Consulta sobre opciones de restauración dental para mejorar tu mordida."
perdidos, 20%,"Un puente dental podría ser una buena opción si tienes piezas adyacentes sanas."
perdidos, 30%,"Un odontólogo puede evaluar si eres candidato para implantes dentales."
perdidos, 50%,"Considera implantes dentales para mejorar la función y estética de tu sonrisa."
perdidos, 60%,"Es recomendable un tratamiento completo de rehabilitación oral."
perdidos, 80%,"Se recomienda un plan de implantes dentales y rehabilitación ósea si es necesario."
perdidos, 90%,"La rehabilitación oral completa puede incluir injertos óseos y prótesis fijas."
perdidos, 100%,"Un especialista en implantología debe evaluar tu caso para un tratamiento integral."
ulceras, 1%,"Evita alimentos muy ácidos o picantes para reducir la irritación de las úlceras."
ulceras, 5%,"Mantén una buena hidratación y una dieta balanceada para mejorar la cicatrización."
ulceras, 10%,"Usa un enjuague bucal suave para evitar infecciones en las úlceras."
ulceras, 20%,"Aplica gel de aloe vera para aliviar la molestia y acelerar la curación."
ulceras, 40%,"Se recomienda un tratamiento tópico con corticosteroides si hay dolor intenso."
ulceras, 50%,"Es necesario realizar estudios para descartar causas sistémicas."
ulceras, 60%,"Consulta con un especialista en medicina oral si las úlceras son recurrentes."
ulceras, 70%,"Puede ser necesario un tratamiento con medicamentos antivirales o antifúngicos."
ulceras, 80%,"Se recomienda una biopsia si las úlceras no cicatrizan en varias semanas."
caries, 1%,"Cepíllate los dientes después de cada comida para evitar acumulación de placa."
caries, 5%,"Usa un cepillo de cerdas suaves y técnica adecuada para limpiar correctamente."
caries, 10%,"Reduce el consumo de bebidas azucaradas para prevenir la formación de caries."
caries, 20%,"Un odontólogo puede recomendar un barniz de flúor para fortalecer el esmalte."
caries, 30%,"Se recomienda el uso de sellantes dentales para prevenir el desarrollo de caries."
caries, 40%,"Un empaste dental podría ser necesario si la caries está en su etapa inicial."
caries, 60%,"La caries ha avanzado y puede requerir una corona dental para salvar la pieza."
caries, 70%,"Se debe realizar una evaluación para determinar si se requiere endodoncia."
caries, 90%,"Se recomienda extracción del diente si está severamente afectado."
gingivitis, 1%,"Usa un cepillo de dientes con cerdas suaves para evitar irritación en las encías."
gingivitis, 5%,"Incluye alimentos ricos en vitamina C en tu dieta para fortalecer las encías."
gingivitis, 20%,"Usa enjuagues bucales con ingredientes naturales como el aloe vera."
gingivitis, 40%,"El raspado y alisado radicular puede ser necesario para eliminar el sarro acumulado."
gingivitis, 50%,"Consulta con un especialista si presentas dolor persistente en las encías."
gingivitis, 70%,"Se requiere tratamiento periodontal para evitar la pérdida de tejido óseo."
gingivitis, 90%,"Es posible que se necesiten injertos de tejido para restaurar las encías dañadas."
gingivitis, 100%,"La pérdida dental es inminente sin tratamiento especializado urgente."
cancer, 1%,"Evita la exposición prolongada al sol y usa protector labial con filtro UV."
cancer, 5%,"Mantén una dieta rica en frutas y verduras para fortalecer el sistema inmunológico."
cancer, 10%,"Consulta a un odontólogo si notas un bulto o mancha blanca persistente en la boca."
cancer, 30%,"Se recomienda una exploración clínica detallada para evaluar posibles anomalías."
cancer, 40%,"Una biopsia puede ser necesaria si las lesiones no muestran signos de curación."
cancer, 50%,"Es recomendable una tomografía para evaluar la posible extensión de la lesión."
cancer, 60%,"Se requiere consulta con un oncólogo para determinar el mejor tratamiento."
cancer, 70%,"Podría ser necesaria una cirugía para eliminar las células afectadas."
cancer, 90%,"Un equipo médico especializado debe manejar el caso para evitar complicaciones."
perdidos, 1%,"Mantén una alimentación saludable para prevenir problemas en dientes y encías."
perdidos, 5%,"Consulta sobre opciones de prótesis removibles si has perdido alguna pieza dental."
perdidos, 10%,"Un odontólogo puede recomendar un plan de restauración para tu salud oral."
perdidos, 30%,"Evalúa con tu odontólogo si eres candidato para implantes dentales."
perdidos, 40%,"Se recomienda rehabilitación oral para evitar problemas en la mordida."
perdidos, 50%,"Implantes dentales pueden restaurar la funcionalidad y estética de tu sonrisa."
perdidos, 60%,"Un prostodoncista puede diseñar un tratamiento integral de rehabilitación."
perdidos, 80%,"Es posible que necesites injertos óseos para colocar implantes de forma efectiva."
perdidos, 90%,"Se requiere un plan de rehabilitación con implantes y prótesis fijas."
perdidos, 100%,"Un tratamiento completo con implantes y cirugía podría ser necesario."
ulceras, 1%,"Evita alimentos muy calientes o picantes para reducir la irritación en la boca."
ulceras, 5%,"Aplica miel natural en la úlcera para favorecer la cicatrización."
ulceras, 10%,"Usa un enjuague bucal sin alcohol para aliviar la molestia y acelerar la curación."
ulceras, 20%,"Mantén una buena hidratación para evitar la resequedad en la mucosa oral."
ulceras, 40%,"Se recomienda una evaluación médica si hay múltiples úlceras recurrentes."
ulceras, 50%,"Un tratamiento tópico con corticosteroides puede aliviar los síntomas."
ulceras, 70%,"Puede ser necesario realizar estudios para descartar enfermedades subyacentes."
ulceras, 90%,"Se recomienda atención médica inmediata si hay úlceras persistentes y dolorosas."
caries, 1%,"Asegúrate de usar pasta dental con flúor para fortalecer el esmalte."
caries, 5%,"Cepilla la lengua para reducir las bacterias que causan caries y mal aliento."
caries, 10%,"Evita alimentos pegajosos como caramelos que favorecen la acumulación de placa."
caries, 20%,"Reemplaza los refrescos azucarados por agua para proteger tus dientes."
caries, 40%,"Visita a un odontólogo para revisar posibles caries en zonas interdentales."
caries, 50%,"Un empaste de resina puede ser necesario si la caries ha perforado el esmalte."
caries, 60%,"Consulta si es necesario un tratamiento con flúor para detener la caries temprana."
caries, 80%,"Puede ser necesario un recubrimiento pulpar si la caries está cerca del nervio."
gingivitis, 5%,"Cepíllate con movimientos suaves para evitar lastimar las encías inflamadas."
gingivitis, 10%,"Usa enjuagues con agua y sal para reducir la inflamación en las encías."
gingivitis, 30%,"Visita a un odontólogo si el sangrado es frecuente al cepillarte."
gingivitis, 40%,"La gingivitis puede volverse crónica sin tratamiento adecuado."
gingivitis, 50%,"Es posible que necesites una limpieza más profunda para eliminar el sarro acumulado."
gingivitis, 70%,"Un tratamiento periodontal puede prevenir la pérdida de dientes."
gingivitis, 90%,"La enfermedad periodontal avanzada puede requerir injertos de encía."
cancer, 5%,"Revisa tu boca regularmente en busca de llagas o cambios en el color de la mucosa."
cancer, 30%,"Una lesión persistente en los labios o encías requiere una evaluación médica."
cancer, 40%,"Se recomienda una biopsia si hay una mancha blanca o roja que no desaparece."
cancer, 50%,"Una resonancia magnética podría ayudar a evaluar la extensión de la lesión."
cancer, 60%,"Un tratamiento temprano puede evitar la progresión del cáncer oral."
cancer, 80%,"Podrías necesitar quimioterapia o radioterapia según la etapa del cáncer."
cancer, 100%,"La intervención urgente es clave para evitar la metástasis del cáncer bucal."
perdidos, 1%,"Mantén una correcta higiene oral para evitar la pérdida de más piezas dentales."
perdidos, 5%,"Considera una dieta balanceada rica en calcio para fortalecer dientes y encías."
perdidos, 10%,"Consulta a un odontólogo sobre la mejor opción de reemplazo dental."
perdidos, 20%,"Un puente fijo puede restaurar la estética y función de la mordida."
perdidos, 40%,"Un tratamiento de rehabilitación oral puede evitar problemas de oclusión."
perdidos, 50%,"Se recomienda el uso de prótesis o implantes para mejorar la funcionalidad."
perdidos, 70%,"Considera un tratamiento completo para recuperar tu mordida y sonrisa."
perdidos, 80%,"Los implantes pueden ser la mejor opción si buscas una solución permanente."
perdidos, 90%,"Un plan de tratamiento integral con injertos óseos podría ser necesario."
perdidos, 100%,"Un prostodoncista debe evaluar la mejor opción de restauración para tu caso."
ulceras, 1%,"Evita el consumo de alimentos irritantes como cítricos o condimentos picantes."
ulceras, 5%,"Bebe suficiente agua para mantener la hidratación de la mucosa oral."
ulceras, 10%,"Aplica miel o aloe vera en la úlcera para acelerar su curación."
ulceras, 20%,"Usa un enjuague suave para evitar infecciones en la úlcera bucal."
ulceras, 50%,"Un tratamiento con corticosteroides puede aliviar el dolor y acelerar la curación."
ulceras, 70%,"Puede ser necesario un análisis para descartar enfermedades subyacentes."
ulceras, 100%,"Urge atención médica especializada para un diagnóstico y tratamiento adecuado."
caries, 1%,"Mantén el hábito de cepillarte los dientes al menos dos veces al día."
caries, 5%,"Usa hilo dental diariamente para eliminar restos de comida entre los dientes."
caries, 10%,"Reduce el consumo de bebidas ácidas para evitar el desgaste del esmalte."
caries, 20%,"Considera un enjuague bucal con flúor para fortalecer tus dientes."
caries, 30%,"Acude a revisiones dentales periódicas para detectar caries tempranas."
caries, 50%,"Un empaste dental será necesario si la caries ya ha dañado el esmalte."
caries, 60%,"La restauración con resina puede ser una solución para caries intermedias."
caries, 80%,"La caries profunda requiere tratamiento especializado para evitar complicaciones."
caries, 90%,"Una endodoncia es necesaria si la caries ha llegado al nervio dental."
gingivitis, 1%,"Usa un cepillo de dientes con cerdas suaves para evitar dañar las encías."
gingivitis, 5%,"Masajea tus encías suavemente para estimular la circulación sanguínea."
gingivitis, 10%,"Consume alimentos ricos en vitamina C para fortalecer las encías."
gingivitis, 30%,"Visita a tu odontólogo si notas inflamación frecuente en las encías."
gingivitis, 50%,"Un raspado y alisado radicular puede ayudar a reducir la inflamación."
gingivitis, 60%,"Consulta a un periodoncista si tienes síntomas de enfermedad periodontal."
gingivitis, 70%,"La pérdida de soporte óseo puede ser irreversible sin tratamiento oportuno."
gingivitis, 90%,"La enfermedad periodontal avanzada requiere intervención especializada."
cancer, 1%,"Mantén una buena higiene oral para reducir el riesgo de infecciones en la boca."
cancer, 10%,"Revisa tu boca regularmente en busca de cambios en la mucosa oral."
cancer, 30%,"Se recomienda una exploración clínica detallada si hay manchas anormales."
cancer, 40%,"Una biopsia puede ser necesaria para descartar células cancerígenas."
cancer, 50%,"La detección temprana puede mejorar significativamente el pronóstico."
cancer, 60%,"Se requiere consulta con un oncólogo para determinar el mejor tratamiento."
cancer, 70%,"Una cirugía puede ser necesaria para extirpar la lesión cancerosa."
cancer, 80%,"La quimioterapia y radioterapia pueden ser opciones para tratar el cáncer avanzado."
cancer, 90%,"Un equipo médico especializado debe manejar el caso para evitar complicaciones."
perdidos, 1%,"Cepíllate y usa hilo dental para evitar la pérdida de más dientes."
perdidos, 5%,"Considera el uso de una prótesis removible para mejorar la masticación."
perdidos, 10%,"Consulta con un especialista sobre las opciones de rehabilitación dental."
perdidos, 20%,"Un puente fijo puede ser una opción si has perdido una pieza dental."
perdidos, 50%,"Implantes dentales pueden ser la mejor opción para recuperar la funcionalidad."
perdidos, 60%,"Un tratamiento de rehabilitación oral completo puede ser necesario."
perdidos, 70%,"La pérdida de dientes prolongada puede afectar la estructura facial."
perdidos, 80%,"Es posible que necesites injertos óseos antes de colocar implantes dentales."
perdidos, 90%,"Un tratamiento con implantes y prótesis fijas puede restaurar la función dental."
perdidos, 100%,"La rehabilitación oral avanzada requiere intervención de un prostodoncista."
ulceras, 1%,"Evita el consumo de alimentos ácidos y picantes que puedan irritar la úlcera."
ulceras, 5%,"Bebe suficiente agua para mantener la hidratación y favorecer la curación."
ulceras, 10%,"Usa un enjuague bucal suave para reducir el dolor y prevenir infecciones."
ulceras, 20%,"Aplica gel de aloe vera en la úlcera para aliviar la irritación."
ulceras, 40%,"Podría ser necesario un análisis para descartar deficiencias vitamínicas."
ulceras, 50%,"Un tratamiento con corticosteroides puede ayudar a aliviar el dolor."
ulceras, 70%,"Estudios médicos pueden ser necesarios para descartar enfermedades sistémicas."
ulceras, 90%,"La presencia de úlceras persistentes podría indicar una enfermedad grave."
caries, 1%,"Mantén un buen hábito de higiene bucal para prevenir la formación de caries."
caries, 5%,"Reduce el consumo de azúcar para evitar el desarrollo de bacterias dañinas."
caries, 10%,"Usa enjuague bucal con flúor para reforzar el esmalte dental."
caries, 20%,"Visita a tu dentista cada seis meses para una revisión preventiva."
caries, 40%,"Un empaste dental puede ser necesario si la caries ha avanzado."
caries, 50%,"Consulta sobre la posibilidad de selladores dentales para prevenir caries futuras."
caries, 70%,"Es posible que necesites una restauración con resina o amalgama."
caries, 80%,"Un tratamiento de endodoncia puede ser necesario si la caries alcanzó el nervio."
caries, 90%,"La extracción del diente podría ser la única opción si la infección es grave."
caries, 100%,"Un diente muy dañado podría requerir la colocación de un implante o prótesis."
gingivitis, 1%,"Usa hilo dental para eliminar residuos de comida y evitar inflamación en las encías."
gingivitis, 5%,"Evita el consumo de alimentos muy duros que puedan irritar las encías inflamadas."
gingivitis, 10%,"Mantén una dieta rica en vitamina C para fortalecer el tejido gingival."
gingivitis, 30%,"Un enjuague bucal con clorhexidina puede ayudar a reducir la inflamación."
gingivitis, 50%,"Un raspado y alisado radicular puede ser necesario si hay acumulación de sarro."
gingivitis, 60%,"La gingivitis no tratada puede derivar en enfermedad periodontal."
gingivitis, 70%,"Un tratamiento periodontal puede ser necesario para evitar pérdida ósea."
gingivitis, 90%,"La enfermedad periodontal avanzada requiere tratamiento especializado."
cancer, 10%,"Examina regularmente tu boca para detectar cambios sospechosos en la mucosa."
cancer, 30%,"Un dentista puede realizar un examen para descartar lesiones premalignas."
cancer, 50%,"Un diagnóstico temprano mejora significativamente las probabilidades de éxito en el tratamiento."
cancer, 60%,"Puede requerirse cirugía para extirpar una lesión en etapa temprana."
cancer, 70%,"La quimioterapia puede ser necesaria si el cáncer se ha diseminado."
cancer, 80%,"Un equipo multidisciplinario debe evaluar el tratamiento más adecuado."
cancer, 90%,"La detección tardía puede hacer que el tratamiento sea más agresivo."
perdidos, 1%,"Usa una correcta técnica de cepillado para prevenir la pérdida de más dientes."
perdidos, 5%,"Consulta con tu dentista sobre opciones de restauración dental temprana."
perdidos, 10%,"Las prótesis removibles pueden ser una solución económica para reemplazar dientes perdidos."
perdidos, 20%,"Un puente dental puede mejorar la masticación y la estética."
perdidos, 30%,"Un implante dental puede ofrecer una solución más estable y duradera."
perdidos, 40%,"La pérdida de dientes puede afectar la mordida y generar problemas en la mandíbula."
perdidos, 50%,"Considera la colocación de implantes dentales para restaurar la función oral."
perdidos, 80%,"Un prostodoncista puede diseñar una solución personalizada para tu caso."
perdidos, 90%,"Un tratamiento de rehabilitación completo puede incluir implantes y coronas."
ulceras, 1%,"Mantén una buena hidratación para ayudar a la cicatrización de las úlceras bucales."
ulceras, 5%,"Evita alimentos muy calientes o picantes que puedan irritar la úlcera."
ulceras, 10%,"Aplica miel o aloe vera en la úlcera para favorecer la curación."
ulceras, 20%,"Usa un enjuague bucal con propiedades antisépticas para prevenir infecciones."
ulceras, 40%,"Las úlceras recurrentes pueden estar relacionadas con deficiencias vitamínicas."
ulceras, 50%,"Un tratamiento con corticosteroides puede ayudar a reducir la inflamación y el dolor."
ulceras, 70%,"Un análisis clínico podría ser necesario para descartar enfermedades autoinmunes."
ulceras, 90%,"La presencia de úlceras crónicas puede indicar una afección más seria."
caries, 1%,"Cepilla tus dientes con pasta fluorada para prevenir la aparición de caries."
caries, 5%,"Reduce la ingesta de azúcares y carbohidratos refinados para evitar la caries."
caries, 10%,"Usa hilo dental para eliminar residuos entre los dientes y prevenir caries."
caries, 20%,"Evita bebidas azucaradas y ácidas que puedan erosionar el esmalte dental."
caries, 30%,"Considera una aplicación de flúor en el consultorio para fortalecer el esmalte."
caries, 40%,"Un empaste dental puede ser necesario si la caries ya ha afectado la dentina."
caries, 60%,"Una restauración con resina o amalgama puede detener el avance de la caries."
caries, 80%,"Un diente severamente dañado podría necesitar una corona para restaurar su función."
caries, 100%,"Consulta con un especialista para evaluar la colocación de un implante o prótesis."
gingivitis, 1%,"Cepilla tus encías suavemente para evitar la acumulación de placa bacteriana."
gingivitis, 5%,"Usa hilo dental diariamente para prevenir la inflamación de las encías."
gingivitis, 10%,"Aplica un enjuague bucal con clorhexidina para reducir bacterias orales."
gingivitis, 40%,"Una limpieza profesional puede eliminar el sarro acumulado en tus encías."
gingivitis, 50%,"Un raspado y alisado radicular puede ser necesario si hay acumulación profunda de placa."
gingivitis, 60%,"La gingivitis no tratada puede evolucionar a periodontitis y pérdida de hueso."
gingivitis, 70%,"Un tratamiento periodontal especializado puede ser necesario para estabilizar la enfermedad."
gingivitis, 80%,"Cirugía periodontal puede ser requerida para restaurar las encías gravemente afectadas."
gingivitis, 100%,"La rehabilitación oral con injertos de encía podría ser necesaria."
cancer, 1%,"Evita el tabaco y el alcohol para reducir el riesgo de cáncer oral."
cancer, 5%,"Revisa tu boca regularmente para detectar cambios sospechosos en la mucosa."
cancer, 10%,"Usa protector labial con filtro UV si te expones al sol por períodos prolongados."
cancer, 30%,"Una revisión odontológica temprana puede detectar lesiones premalignas."
cancer, 40%,"Una biopsia podría ser necesaria si hay presencia de lesiones sospechosas."
cancer, 50%,"Consulta a un especialista en medicina oral si tienes síntomas persistentes."
cancer, 60%,"La cirugía puede ser el primer paso para tratar lesiones cancerosas detectadas a tiempo."
cancer, 70%,"Un equipo de oncología determinará si se requiere quimioterapia o radioterapia."
cancer, 80%,"La rehabilitación tras cirugía puede incluir prótesis o injertos reconstructivos."
perdidos, 1%,"Mantén una buena higiene oral para evitar la pérdida de más piezas dentales."
perdidos, 5%,"Usa prótesis removibles si has perdido dientes y necesitas una solución temporal."
perdidos, 10%,"Consulta con tu dentista sobre opciones de reemplazo dental antes de que afecte tu mordida."
perdidos, 20%,"Un puente dental puede ser una alternativa a los implantes en ciertos casos."
perdidos, 40%,"Un tratamiento de ortodoncia podría ser necesario antes de la rehabilitación dental."
perdidos, 50%,"Los implantes pueden ofrecer estabilidad y una solución a largo plazo."
perdidos, 70%,"La falta de dientes puede afectar la articulación temporomandibular y causar dolor."
perdidos, 80%,"La regeneración ósea mediante injertos puede ser necesaria antes de colocar implantes."
perdidos, 90%,"Un plan de rehabilitación oral con especialistas puede restaurar la función completa."
perdidos, 100%,"Un tratamiento de implantes y prótesis fijas puede mejorar tu calidad de vida."
ulceras, 1%,"Evita alimentos ácidos o picantes que puedan irritar la úlcera."
ulceras, 5%,"Mantén la boca hidratada y bebe suficiente agua para favorecer la curación."
ulceras, 10%,"Usa enjuague bucal con ingredientes naturales como manzanilla o aloe vera."
ulceras, 30%,"Aplica gel de ácido hialurónico para aliviar el dolor y acelerar la cicatrización."
ulceras, 50%,"Consulta a un especialista en enfermedades bucales si las úlceras no desaparecen."
ulceras, 60%,"Los corticosteroides tópicos pueden ser necesarios para reducir la inflamación."
ulceras, 70%,"Un examen clínico puede ayudar a descartar enfermedades sistémicas subyacentes."
ulceras, 90%,"Algunas úlceras pueden estar asociadas con enfermedades autoinmunes o cáncer."
